areaCode,areaName,areaType,date,newCasesByPublishDate
K02000001,United Kingdom,overview,2022-02-28,82451
K02000001,United Kingdom,overview,2022-02-27,0
K02000001,United Kingdom,overview,2022-02-26,0
K02000001,United Kingdom,overview,2022-02-25,31933
K02000001,United Kingdom,overview,2022-02-24,38933
K02000001,United Kingdom,overview,2022-02-23,39656
K02000001,United Kingdom,overview,2022-02-22,41130
K02000001,United Kingdom,overview,2022-02-21,38409
K02000001,United Kingdom,overview,2022-02-20,31170
K02000001,United Kingdom,overview,2022-02-19,39693
K02000001,United Kingdom,overview,2022-02-18,47685
K02000001,United Kingdom,overview,2022-02-17,51899
K02000001,United Kingdom,overview,2022-02-16,54218
K02000001,United Kingdom,overview,2022-02-15,46186
K02000001,United Kingdom,overview,2022-02-14,41648
K02000001,United Kingdom,overview,2022-02-13,41270
K02000001,United Kingdom,overview,2022-02-12,46025
K02000001,United Kingdom,overview,2022-02-11,58899
K02000001,United Kingdom,overview,2022-02-10,66638
K02000001,United Kingdom,overview,2022-02-09,68214
K02000001,United Kingdom,overview,2022-02-08,66183
K02000001,United Kingdom,overview,2022-02-07,57623
K02000001,United Kingdom,overview,2022-02-06,57337
K02000001,United Kingdom,overview,2022-02-05,63493
K02000001,United Kingdom,overview,2022-02-04,84053
K02000001,United Kingdom,overview,2022-02-03,88171
K02000001,United Kingdom,overview,2022-02-02,92594
K02000001,United Kingdom,overview,2022-02-01,112458
K02000001,United Kingdom,overview,2022-01-31,92368
K02000001,United Kingdom,overview,2022-01-30,69007
K02000001,United Kingdom,overview,2022-01-29,76069
K02000001,United Kingdom,overview,2022-01-28,89176
K02000001,United Kingdom,overview,2022-01-27,96871
K02000001,United Kingdom,overview,2022-01-26,102292
K02000001,United Kingdom,overview,2022-01-25,94326
K02000001,United Kingdom,overview,2022-01-24,88447
K02000001,United Kingdom,overview,2022-01-23,78317
K02000001,United Kingdom,overview,2022-01-22,80263
K02000001,United Kingdom,overview,2022-01-21,95787
K02000001,United Kingdom,overview,2022-01-20,107364
K02000001,United Kingdom,overview,2022-01-19,108069
K02000001,United Kingdom,overview,2022-01-18,94432
K02000001,United Kingdom,overview,2022-01-17,84429
K02000001,United Kingdom,overview,2022-01-16,75041
K02000001,United Kingdom,overview,2022-01-15,81713
K02000001,United Kingdom,overview,2022-01-14,99652
K02000001,United Kingdom,overview,2022-01-13,109133
K02000001,United Kingdom,overview,2022-01-12,129587
K02000001,United Kingdom,overview,2022-01-11,120821
K02000001,United Kingdom,overview,2022-01-10,142224
K02000001,United Kingdom,overview,2022-01-09,141472
K02000001,United Kingdom,overview,2022-01-08,146390
K02000001,United Kingdom,overview,2022-01-07,178250
K02000001,United Kingdom,overview,2022-01-06,179756
K02000001,United Kingdom,overview,2022-01-05,194747
K02000001,United Kingdom,overview,2022-01-04,218724
K02000001,United Kingdom,overview,2022-01-03,157758
K02000001,United Kingdom,overview,2022-01-02,151663
K02000001,United Kingdom,overview,2022-01-01,179637
K02000001,United Kingdom,overview,2021-12-31,189846
K02000001,United Kingdom,overview,2021-12-30,189213
K02000001,United Kingdom,overview,2021-12-29,183037
K02000001,United Kingdom,overview,2021-12-28,138831
K02000001,United Kingdom,overview,2021-12-27,109077
K02000001,United Kingdom,overview,2021-12-26,119923
K02000001,United Kingdom,overview,2021-12-25,121880
K02000001,United Kingdom,overview,2021-12-24,122186
K02000001,United Kingdom,overview,2021-12-23,119789
K02000001,United Kingdom,overview,2021-12-22,109655
K02000001,United Kingdom,overview,2021-12-21,90629
K02000001,United Kingdom,overview,2021-12-20,91743
K02000001,United Kingdom,overview,2021-12-19,82886
K02000001,United Kingdom,overview,2021-12-18,90418
K02000001,United Kingdom,overview,2021-12-17,93045
K02000001,United Kingdom,overview,2021-12-16,88376
K02000001,United Kingdom,overview,2021-12-15,78610
K02000001,United Kingdom,overview,2021-12-14,59610
K02000001,United Kingdom,overview,2021-12-13,54661
K02000001,United Kingdom,overview,2021-12-12,48854
K02000001,United Kingdom,overview,2021-12-11,54073
K02000001,United Kingdom,overview,2021-12-10,58194
K02000001,United Kingdom,overview,2021-12-09,50867
K02000001,United Kingdom,overview,2021-12-08,51342
K02000001,United Kingdom,overview,2021-12-07,45691
K02000001,United Kingdom,overview,2021-12-06,51459
K02000001,United Kingdom,overview,2021-12-05,43992
K02000001,United Kingdom,overview,2021-12-04,42848
K02000001,United Kingdom,overview,2021-12-03,50584
K02000001,United Kingdom,overview,2021-12-02,53945
K02000001,United Kingdom,overview,2021-12-01,48374
K02000001,United Kingdom,overview,2021-11-30,39716
K02000001,United Kingdom,overview,2021-11-29,42583
K02000001,United Kingdom,overview,2021-11-28,37681
K02000001,United Kingdom,overview,2021-11-27,39567
K02000001,United Kingdom,overview,2021-11-26,50091
K02000001,United Kingdom,overview,2021-11-25,47240
K02000001,United Kingdom,overview,2021-11-24,43676
K02000001,United Kingdom,overview,2021-11-23,42484
K02000001,United Kingdom,overview,2021-11-22,44917
K02000001,United Kingdom,overview,2021-11-21,40004
K02000001,United Kingdom,overview,2021-11-20,40941
K02000001,United Kingdom,overview,2021-11-19,44242
K02000001,United Kingdom,overview,2021-11-18,46807
K02000001,United Kingdom,overview,2021-11-17,38263
K02000001,United Kingdom,overview,2021-11-16,37243
K02000001,United Kingdom,overview,2021-11-15,39705
K02000001,United Kingdom,overview,2021-11-14,36517
K02000001,United Kingdom,overview,2021-11-13,38351
K02000001,United Kingdom,overview,2021-11-12,40375
K02000001,United Kingdom,overview,2021-11-11,42408
K02000001,United Kingdom,overview,2021-11-10,39329
K02000001,United Kingdom,overview,2021-11-09,33117
K02000001,United Kingdom,overview,2021-11-08,32322
K02000001,United Kingdom,overview,2021-11-07,30305
K02000001,United Kingdom,overview,2021-11-06,30693
K02000001,United Kingdom,overview,2021-11-05,34029
K02000001,United Kingdom,overview,2021-11-04,37269
K02000001,United Kingdom,overview,2021-11-03,41299
K02000001,United Kingdom,overview,2021-11-02,33865
K02000001,United Kingdom,overview,2021-11-01,40077
K02000001,United Kingdom,overview,2021-10-31,38009
K02000001,United Kingdom,overview,2021-10-30,41278
K02000001,United Kingdom,overview,2021-10-29,43467
K02000001,United Kingdom,overview,2021-10-28,39842
K02000001,United Kingdom,overview,2021-10-27,43941
K02000001,United Kingdom,overview,2021-10-26,40954
K02000001,United Kingdom,overview,2021-10-25,36567
K02000001,United Kingdom,overview,2021-10-24,39962
K02000001,United Kingdom,overview,2021-10-23,44985
K02000001,United Kingdom,overview,2021-10-22,49298
K02000001,United Kingdom,overview,2021-10-21,52009
K02000001,United Kingdom,overview,2021-10-20,49139
K02000001,United Kingdom,overview,2021-10-19,43738
K02000001,United Kingdom,overview,2021-10-18,49156
K02000001,United Kingdom,overview,2021-10-17,45140
K02000001,United Kingdom,overview,2021-10-16,43423
K02000001,United Kingdom,overview,2021-10-15,44932
K02000001,United Kingdom,overview,2021-10-14,45066
K02000001,United Kingdom,overview,2021-10-13,42776
K02000001,United Kingdom,overview,2021-10-12,38520
K02000001,United Kingdom,overview,2021-10-11,40224
K02000001,United Kingdom,overview,2021-10-10,34574
K02000001,United Kingdom,overview,2021-10-09,34950
K02000001,United Kingdom,overview,2021-10-08,41765
K02000001,United Kingdom,overview,2021-10-07,40701
K02000001,United Kingdom,overview,2021-10-06,39851
K02000001,United Kingdom,overview,2021-10-05,33869
K02000001,United Kingdom,overview,2021-10-04,35077
K02000001,United Kingdom,overview,2021-10-03,30439
K02000001,United Kingdom,overview,2021-10-02,30301
K02000001,United Kingdom,overview,2021-10-01,35577
K02000001,United Kingdom,overview,2021-09-30,36480
K02000001,United Kingdom,overview,2021-09-29,36722
K02000001,United Kingdom,overview,2021-09-28,34526
K02000001,United Kingdom,overview,2021-09-27,37960
K02000001,United Kingdom,overview,2021-09-26,32417
K02000001,United Kingdom,overview,2021-09-25,32468
K02000001,United Kingdom,overview,2021-09-24,35623
K02000001,United Kingdom,overview,2021-09-23,36710
K02000001,United Kingdom,overview,2021-09-22,34460
K02000001,United Kingdom,overview,2021-09-21,31564
K02000001,United Kingdom,overview,2021-09-20,36100
K02000001,United Kingdom,overview,2021-09-19,29612
K02000001,United Kingdom,overview,2021-09-18,30144
K02000001,United Kingdom,overview,2021-09-17,32651
K02000001,United Kingdom,overview,2021-09-16,26911
K02000001,United Kingdom,overview,2021-09-15,30597
K02000001,United Kingdom,overview,2021-09-14,26628
K02000001,United Kingdom,overview,2021-09-13,30825
K02000001,United Kingdom,overview,2021-09-12,29173
K02000001,United Kingdom,overview,2021-09-11,29547
K02000001,United Kingdom,overview,2021-09-10,37622
K02000001,United Kingdom,overview,2021-09-09,38013
K02000001,United Kingdom,overview,2021-09-08,38975
K02000001,United Kingdom,overview,2021-09-07,37489
K02000001,United Kingdom,overview,2021-09-06,41192
K02000001,United Kingdom,overview,2021-09-05,37011
K02000001,United Kingdom,overview,2021-09-04,37578
K02000001,United Kingdom,overview,2021-09-03,42076
K02000001,United Kingdom,overview,2021-09-02,38154
K02000001,United Kingdom,overview,2021-09-01,35693
K02000001,United Kingdom,overview,2021-08-31,32181
K02000001,United Kingdom,overview,2021-08-30,26476
K02000001,United Kingdom,overview,2021-08-29,33196
K02000001,United Kingdom,overview,2021-08-28,32406
K02000001,United Kingdom,overview,2021-08-27,38046
K02000001,United Kingdom,overview,2021-08-26,38281
K02000001,United Kingdom,overview,2021-08-25,35847
K02000001,United Kingdom,overview,2021-08-24,30838
K02000001,United Kingdom,overview,2021-08-23,31914
K02000001,United Kingdom,overview,2021-08-22,32253
K02000001,United Kingdom,overview,2021-08-21,32058
K02000001,United Kingdom,overview,2021-08-20,37314
K02000001,United Kingdom,overview,2021-08-19,36572
K02000001,United Kingdom,overview,2021-08-18,33904
K02000001,United Kingdom,overview,2021-08-17,26852
K02000001,United Kingdom,overview,2021-08-16,28438
K02000001,United Kingdom,overview,2021-08-15,26750
K02000001,United Kingdom,overview,2021-08-14,29520
K02000001,United Kingdom,overview,2021-08-13,32700
K02000001,United Kingdom,overview,2021-08-12,33074
K02000001,United Kingdom,overview,2021-08-11,29612
K02000001,United Kingdom,overview,2021-08-10,23510
K02000001,United Kingdom,overview,2021-08-09,25161
K02000001,United Kingdom,overview,2021-08-08,27429
K02000001,United Kingdom,overview,2021-08-07,28612
K02000001,United Kingdom,overview,2021-08-06,31808
K02000001,United Kingdom,overview,2021-08-05,30215
K02000001,United Kingdom,overview,2021-08-04,29312
K02000001,United Kingdom,overview,2021-08-03,21691
K02000001,United Kingdom,overview,2021-08-02,21952
K02000001,United Kingdom,overview,2021-08-01,24470
K02000001,United Kingdom,overview,2021-07-31,26144
K02000001,United Kingdom,overview,2021-07-30,29622
K02000001,United Kingdom,overview,2021-07-29,31117
K02000001,United Kingdom,overview,2021-07-28,27734
K02000001,United Kingdom,overview,2021-07-27,23511
K02000001,United Kingdom,overview,2021-07-26,24950
K02000001,United Kingdom,overview,2021-07-25,29173
K02000001,United Kingdom,overview,2021-07-24,31795
K02000001,United Kingdom,overview,2021-07-23,36389
K02000001,United Kingdom,overview,2021-07-22,39906
K02000001,United Kingdom,overview,2021-07-21,44104
K02000001,United Kingdom,overview,2021-07-20,46558
K02000001,United Kingdom,overview,2021-07-19,39950
K02000001,United Kingdom,overview,2021-07-18,48161
K02000001,United Kingdom,overview,2021-07-17,54674
K02000001,United Kingdom,overview,2021-07-16,51870
K02000001,United Kingdom,overview,2021-07-15,48553
K02000001,United Kingdom,overview,2021-07-14,42302
K02000001,United Kingdom,overview,2021-07-13,36660
K02000001,United Kingdom,overview,2021-07-12,34471
K02000001,United Kingdom,overview,2021-07-11,31772
K02000001,United Kingdom,overview,2021-07-10,32367
K02000001,United Kingdom,overview,2021-07-09,35707
K02000001,United Kingdom,overview,2021-07-08,32551
K02000001,United Kingdom,overview,2021-07-07,32548
K02000001,United Kingdom,overview,2021-07-06,28773
K02000001,United Kingdom,overview,2021-07-05,27334
K02000001,United Kingdom,overview,2021-07-04,24248
K02000001,United Kingdom,overview,2021-07-03,24885
K02000001,United Kingdom,overview,2021-07-02,27125
K02000001,United Kingdom,overview,2021-07-01,27989
K02000001,United Kingdom,overview,2021-06-30,26068
K02000001,United Kingdom,overview,2021-06-29,20479
K02000001,United Kingdom,overview,2021-06-28,22868
K02000001,United Kingdom,overview,2021-06-27,14876
K02000001,United Kingdom,overview,2021-06-26,18270
K02000001,United Kingdom,overview,2021-06-25,15810
K02000001,United Kingdom,overview,2021-06-24,16703
K02000001,United Kingdom,overview,2021-06-23,16135
K02000001,United Kingdom,overview,2021-06-22,11625
K02000001,United Kingdom,overview,2021-06-21,10633
K02000001,United Kingdom,overview,2021-06-20,9284
K02000001,United Kingdom,overview,2021-06-19,10321
K02000001,United Kingdom,overview,2021-06-18,10476
K02000001,United Kingdom,overview,2021-06-17,11007
K02000001,United Kingdom,overview,2021-06-16,9055
K02000001,United Kingdom,overview,2021-06-15,7673
K02000001,United Kingdom,overview,2021-06-14,7742
K02000001,United Kingdom,overview,2021-06-13,7490
K02000001,United Kingdom,overview,2021-06-12,7738
K02000001,United Kingdom,overview,2021-06-11,8125
K02000001,United Kingdom,overview,2021-06-10,7393
K02000001,United Kingdom,overview,2021-06-09,7540
K02000001,United Kingdom,overview,2021-06-08,6048
K02000001,United Kingdom,overview,2021-06-07,5683
K02000001,United Kingdom,overview,2021-06-06,5341
K02000001,United Kingdom,overview,2021-06-05,5765
K02000001,United Kingdom,overview,2021-06-04,6238
K02000001,United Kingdom,overview,2021-06-03,5274
K02000001,United Kingdom,overview,2021-06-02,4330
K02000001,United Kingdom,overview,2021-06-01,3165
K02000001,United Kingdom,overview,2021-05-31,3383
K02000001,United Kingdom,overview,2021-05-30,3240
K02000001,United Kingdom,overview,2021-05-29,3398
K02000001,United Kingdom,overview,2021-05-28,4182
K02000001,United Kingdom,overview,2021-05-27,3542
K02000001,United Kingdom,overview,2021-05-26,3180
K02000001,United Kingdom,overview,2021-05-25,2493
K02000001,United Kingdom,overview,2021-05-24,2439
K02000001,United Kingdom,overview,2021-05-23,2235
K02000001,United Kingdom,overview,2021-05-22,2694
K02000001,United Kingdom,overview,2021-05-21,2829
K02000001,United Kingdom,overview,2021-05-20,2874
K02000001,United Kingdom,overview,2021-05-19,2696
K02000001,United Kingdom,overview,2021-05-18,2412
K02000001,United Kingdom,overview,2021-05-17,1979
K02000001,United Kingdom,overview,2021-05-16,1926
K02000001,United Kingdom,overview,2021-05-15,2027
K02000001,United Kingdom,overview,2021-05-14,2193
K02000001,United Kingdom,overview,2021-05-13,2657
K02000001,United Kingdom,overview,2021-05-12,2284
K02000001,United Kingdom,overview,2021-05-11,2474
K02000001,United Kingdom,overview,2021-05-10,2357
K02000001,United Kingdom,overview,2021-05-09,1770
K02000001,United Kingdom,overview,2021-05-08,2047
K02000001,United Kingdom,overview,2021-05-07,2490
K02000001,United Kingdom,overview,2021-05-06,2613
K02000001,United Kingdom,overview,2021-05-05,2144
K02000001,United Kingdom,overview,2021-05-04,1946
K02000001,United Kingdom,overview,2021-05-03,1649
K02000001,United Kingdom,overview,2021-05-02,1671
K02000001,United Kingdom,overview,2021-05-01,1907
K02000001,United Kingdom,overview,2021-04-30,2381
K02000001,United Kingdom,overview,2021-04-29,2445
K02000001,United Kingdom,overview,2021-04-28,2166
K02000001,United Kingdom,overview,2021-04-27,2685
K02000001,United Kingdom,overview,2021-04-26,2064
K02000001,United Kingdom,overview,2021-04-25,1712
K02000001,United Kingdom,overview,2021-04-24,2061
K02000001,United Kingdom,overview,2021-04-23,2678
K02000001,United Kingdom,overview,2021-04-22,2729
K02000001,United Kingdom,overview,2021-04-21,2396
K02000001,United Kingdom,overview,2021-04-20,2524
K02000001,United Kingdom,overview,2021-04-19,2963
K02000001,United Kingdom,overview,2021-04-18,1882
K02000001,United Kingdom,overview,2021-04-17,2206
K02000001,United Kingdom,overview,2021-04-16,2596
K02000001,United Kingdom,overview,2021-04-15,2672
K02000001,United Kingdom,overview,2021-04-14,2491
K02000001,United Kingdom,overview,2021-04-13,2472
K02000001,United Kingdom,overview,2021-04-12,3568
K02000001,United Kingdom,overview,2021-04-11,1730
K02000001,United Kingdom,overview,2021-04-10,2589
K02000001,United Kingdom,overview,2021-04-09,3150
K02000001,United Kingdom,overview,2021-04-08,3030
K02000001,United Kingdom,overview,2021-04-07,2763
K02000001,United Kingdom,overview,2021-04-06,2379
K02000001,United Kingdom,overview,2021-04-05,2762
K02000001,United Kingdom,overview,2021-04-04,2297
K02000001,United Kingdom,overview,2021-04-03,3423
K02000001,United Kingdom,overview,2021-04-02,3402
K02000001,United Kingdom,overview,2021-04-01,4479
K02000001,United Kingdom,overview,2021-03-31,4052
K02000001,United Kingdom,overview,2021-03-30,4040
K02000001,United Kingdom,overview,2021-03-29,4654
K02000001,United Kingdom,overview,2021-03-28,3862
K02000001,United Kingdom,overview,2021-03-27,4715
K02000001,United Kingdom,overview,2021-03-26,6187
K02000001,United Kingdom,overview,2021-03-25,6397
K02000001,United Kingdom,overview,2021-03-24,5605
K02000001,United Kingdom,overview,2021-03-23,5379
K02000001,United Kingdom,overview,2021-03-22,5342
K02000001,United Kingdom,overview,2021-03-21,5312
K02000001,United Kingdom,overview,2021-03-20,5587
K02000001,United Kingdom,overview,2021-03-19,4802
K02000001,United Kingdom,overview,2021-03-18,6303
K02000001,United Kingdom,overview,2021-03-17,5758
K02000001,United Kingdom,overview,2021-03-16,5294
K02000001,United Kingdom,overview,2021-03-15,5089
K02000001,United Kingdom,overview,2021-03-14,4618
K02000001,United Kingdom,overview,2021-03-13,5534
K02000001,United Kingdom,overview,2021-03-12,6609
K02000001,United Kingdom,overview,2021-03-11,6753
K02000001,United Kingdom,overview,2021-03-10,5926
K02000001,United Kingdom,overview,2021-03-09,5766
K02000001,United Kingdom,overview,2021-03-08,4712
K02000001,United Kingdom,overview,2021-03-07,5177
K02000001,United Kingdom,overview,2021-03-06,6040
K02000001,United Kingdom,overview,2021-03-05,5947
K02000001,United Kingdom,overview,2021-03-04,6573
K02000001,United Kingdom,overview,2021-03-03,6385
K02000001,United Kingdom,overview,2021-03-02,6391
K02000001,United Kingdom,overview,2021-03-01,5455
K02000001,United Kingdom,overview,2021-02-28,6035
K02000001,United Kingdom,overview,2021-02-27,7434
K02000001,United Kingdom,overview,2021-02-26,8523
K02000001,United Kingdom,overview,2021-02-25,9985
K02000001,United Kingdom,overview,2021-02-24,9938
K02000001,United Kingdom,overview,2021-02-23,8489
K02000001,United Kingdom,overview,2021-02-22,10641
K02000001,United Kingdom,overview,2021-02-21,9834
K02000001,United Kingdom,overview,2021-02-20,10406
K02000001,United Kingdom,overview,2021-02-19,12027
K02000001,United Kingdom,overview,2021-02-18,12057
K02000001,United Kingdom,overview,2021-02-17,12718
K02000001,United Kingdom,overview,2021-02-16,10625
K02000001,United Kingdom,overview,2021-02-15,9765
K02000001,United Kingdom,overview,2021-02-14,10972
K02000001,United Kingdom,overview,2021-02-13,13308
K02000001,United Kingdom,overview,2021-02-12,15144
K02000001,United Kingdom,overview,2021-02-11,13494
K02000001,United Kingdom,overview,2021-02-10,13013
K02000001,United Kingdom,overview,2021-02-09,12364
K02000001,United Kingdom,overview,2021-02-08,14104
K02000001,United Kingdom,overview,2021-02-07,15845
K02000001,United Kingdom,overview,2021-02-06,18262
K02000001,United Kingdom,overview,2021-02-05,19114
K02000001,United Kingdom,overview,2021-02-04,20634
K02000001,United Kingdom,overview,2021-02-03,19202
K02000001,United Kingdom,overview,2021-02-02,16840
K02000001,United Kingdom,overview,2021-02-01,18607
K02000001,United Kingdom,overview,2021-01-31,21088
K02000001,United Kingdom,overview,2021-01-30,23275
K02000001,United Kingdom,overview,2021-01-29,29079
K02000001,United Kingdom,overview,2021-01-28,28680
K02000001,United Kingdom,overview,2021-01-27,25308
K02000001,United Kingdom,overview,2021-01-26,20089
K02000001,United Kingdom,overview,2021-01-25,22195
K02000001,United Kingdom,overview,2021-01-24,30004
K02000001,United Kingdom,overview,2021-01-23,33552
K02000001,United Kingdom,overview,2021-01-22,40261
K02000001,United Kingdom,overview,2021-01-21,37892
K02000001,United Kingdom,overview,2021-01-20,38905
K02000001,United Kingdom,overview,2021-01-19,33355
K02000001,United Kingdom,overview,2021-01-18,37535
K02000001,United Kingdom,overview,2021-01-17,38598
K02000001,United Kingdom,overview,2021-01-16,41346
K02000001,United Kingdom,overview,2021-01-15,55761
K02000001,United Kingdom,overview,2021-01-14,48682
K02000001,United Kingdom,overview,2021-01-13,47525
K02000001,United Kingdom,overview,2021-01-12,45533
K02000001,United Kingdom,overview,2021-01-11,46169
K02000001,United Kingdom,overview,2021-01-10,54940
K02000001,United Kingdom,overview,2021-01-09,59937
K02000001,United Kingdom,overview,2021-01-08,68053
K02000001,United Kingdom,overview,2021-01-07,52618
K02000001,United Kingdom,overview,2021-01-06,62322
K02000001,United Kingdom,overview,2021-01-05,60916
K02000001,United Kingdom,overview,2021-01-04,58784
K02000001,United Kingdom,overview,2021-01-03,54990
K02000001,United Kingdom,overview,2021-01-02,57725
K02000001,United Kingdom,overview,2021-01-01,53285
K02000001,United Kingdom,overview,2020-12-31,55892
K02000001,United Kingdom,overview,2020-12-30,50023
K02000001,United Kingdom,overview,2020-12-29,53135
K02000001,United Kingdom,overview,2020-12-28,41385
K02000001,United Kingdom,overview,2020-12-27,30501
K02000001,United Kingdom,overview,2020-12-26,35691
K02000001,United Kingdom,overview,2020-12-25,32725
K02000001,United Kingdom,overview,2020-12-24,39877
K02000001,United Kingdom,overview,2020-12-23,39237
K02000001,United Kingdom,overview,2020-12-22,36804
K02000001,United Kingdom,overview,2020-12-21,33364
K02000001,United Kingdom,overview,2020-12-20,35928
K02000001,United Kingdom,overview,2020-12-19,27052
K02000001,United Kingdom,overview,2020-12-18,28507
K02000001,United Kingdom,overview,2020-12-17,35383
K02000001,United Kingdom,overview,2020-12-16,25161
K02000001,United Kingdom,overview,2020-12-15,18450
K02000001,United Kingdom,overview,2020-12-14,20263
K02000001,United Kingdom,overview,2020-12-13,18447
K02000001,United Kingdom,overview,2020-12-12,21502
K02000001,United Kingdom,overview,2020-12-11,21672
K02000001,United Kingdom,overview,2020-12-10,20964
K02000001,United Kingdom,overview,2020-12-09,16578
K02000001,United Kingdom,overview,2020-12-08,12282
K02000001,United Kingdom,overview,2020-12-07,14718
K02000001,United Kingdom,overview,2020-12-06,17272
K02000001,United Kingdom,overview,2020-12-05,15539
K02000001,United Kingdom,overview,2020-12-04,16298
K02000001,United Kingdom,overview,2020-12-03,14879
K02000001,United Kingdom,overview,2020-12-02,16170
K02000001,United Kingdom,overview,2020-12-01,13430
K02000001,United Kingdom,overview,2020-11-30,12330
K02000001,United Kingdom,overview,2020-11-29,12155
K02000001,United Kingdom,overview,2020-11-28,15871
K02000001,United Kingdom,overview,2020-11-27,16022
K02000001,United Kingdom,overview,2020-11-26,17555
K02000001,United Kingdom,overview,2020-11-25,18213
K02000001,United Kingdom,overview,2020-11-24,11299
K02000001,United Kingdom,overview,2020-11-23,15450
K02000001,United Kingdom,overview,2020-11-22,18662
K02000001,United Kingdom,overview,2020-11-21,19875
K02000001,United Kingdom,overview,2020-11-20,20252
K02000001,United Kingdom,overview,2020-11-19,22915
K02000001,United Kingdom,overview,2020-11-18,19609
K02000001,United Kingdom,overview,2020-11-17,20051
K02000001,United Kingdom,overview,2020-11-16,21363
K02000001,United Kingdom,overview,2020-11-15,24962
K02000001,United Kingdom,overview,2020-11-14,26860
K02000001,United Kingdom,overview,2020-11-13,27301
K02000001,United Kingdom,overview,2020-11-12,33470
K02000001,United Kingdom,overview,2020-11-11,22950
K02000001,United Kingdom,overview,2020-11-10,20412
K02000001,United Kingdom,overview,2020-11-09,21350
K02000001,United Kingdom,overview,2020-11-08,20572
K02000001,United Kingdom,overview,2020-11-07,24957
K02000001,United Kingdom,overview,2020-11-06,23287
K02000001,United Kingdom,overview,2020-11-05,24141
K02000001,United Kingdom,overview,2020-11-04,25177
K02000001,United Kingdom,overview,2020-11-03,20018
K02000001,United Kingdom,overview,2020-11-02,18950
K02000001,United Kingdom,overview,2020-11-01,23254
K02000001,United Kingdom,overview,2020-10-31,21915
K02000001,United Kingdom,overview,2020-10-30,24405
K02000001,United Kingdom,overview,2020-10-29,23065
K02000001,United Kingdom,overview,2020-10-28,24701
K02000001,United Kingdom,overview,2020-10-27,22885
K02000001,United Kingdom,overview,2020-10-26,20890
K02000001,United Kingdom,overview,2020-10-25,19790
K02000001,United Kingdom,overview,2020-10-24,23012
K02000001,United Kingdom,overview,2020-10-23,20530
K02000001,United Kingdom,overview,2020-10-22,21242
K02000001,United Kingdom,overview,2020-10-21,26688
K02000001,United Kingdom,overview,2020-10-20,21331
K02000001,United Kingdom,overview,2020-10-19,18804
K02000001,United Kingdom,overview,2020-10-18,16982
K02000001,United Kingdom,overview,2020-10-17,16171
K02000001,United Kingdom,overview,2020-10-16,15650
K02000001,United Kingdom,overview,2020-10-15,18980
K02000001,United Kingdom,overview,2020-10-14,19724
K02000001,United Kingdom,overview,2020-10-13,17234
K02000001,United Kingdom,overview,2020-10-12,13972
K02000001,United Kingdom,overview,2020-10-11,12872
K02000001,United Kingdom,overview,2020-10-10,15166
K02000001,United Kingdom,overview,2020-10-09,13864
K02000001,United Kingdom,overview,2020-10-08,17540
K02000001,United Kingdom,overview,2020-10-07,14162
K02000001,United Kingdom,overview,2020-10-06,14542
K02000001,United Kingdom,overview,2020-10-05,12594
K02000001,United Kingdom,overview,2020-10-04,22961
K02000001,United Kingdom,overview,2020-10-03,12872
K02000001,United Kingdom,overview,2020-10-02,6968
K02000001,United Kingdom,overview,2020-10-01,6914
K02000001,United Kingdom,overview,2020-09-30,7108
K02000001,United Kingdom,overview,2020-09-29,7143
K02000001,United Kingdom,overview,2020-09-28,4044
K02000001,United Kingdom,overview,2020-09-27,5693
K02000001,United Kingdom,overview,2020-09-26,6042
K02000001,United Kingdom,overview,2020-09-25,6874
K02000001,United Kingdom,overview,2020-09-24,6634
K02000001,United Kingdom,overview,2020-09-23,6178
K02000001,United Kingdom,overview,2020-09-22,4926
K02000001,United Kingdom,overview,2020-09-21,4368
K02000001,United Kingdom,overview,2020-09-20,3899
K02000001,United Kingdom,overview,2020-09-19,4422
K02000001,United Kingdom,overview,2020-09-18,4322
K02000001,United Kingdom,overview,2020-09-17,3395
K02000001,United Kingdom,overview,2020-09-16,3991
K02000001,United Kingdom,overview,2020-09-15,3105
K02000001,United Kingdom,overview,2020-09-14,2621
K02000001,United Kingdom,overview,2020-09-13,3330
K02000001,United Kingdom,overview,2020-09-12,3497
K02000001,United Kingdom,overview,2020-09-11,3539
K02000001,United Kingdom,overview,2020-09-10,2919
K02000001,United Kingdom,overview,2020-09-09,2659
K02000001,United Kingdom,overview,2020-09-08,2460
K02000001,United Kingdom,overview,2020-09-07,2948
K02000001,United Kingdom,overview,2020-09-06,2988
K02000001,United Kingdom,overview,2020-09-05,1813
K02000001,United Kingdom,overview,2020-09-04,1940
K02000001,United Kingdom,overview,2020-09-03,1735
K02000001,United Kingdom,overview,2020-09-02,1508
K02000001,United Kingdom,overview,2020-09-01,1295
K02000001,United Kingdom,overview,2020-08-31,1406
K02000001,United Kingdom,overview,2020-08-30,1715
K02000001,United Kingdom,overview,2020-08-29,1108
K02000001,United Kingdom,overview,2020-08-28,1276
K02000001,United Kingdom,overview,2020-08-27,1522
K02000001,United Kingdom,overview,2020-08-26,1048
K02000001,United Kingdom,overview,2020-08-25,1184
K02000001,United Kingdom,overview,2020-08-24,853
K02000001,United Kingdom,overview,2020-08-23,1160
K02000001,United Kingdom,overview,2020-08-22,1288
K02000001,United Kingdom,overview,2020-08-21,1033
K02000001,United Kingdom,overview,2020-08-20,1182
K02000001,United Kingdom,overview,2020-08-19,812
K02000001,United Kingdom,overview,2020-08-18,1089
K02000001,United Kingdom,overview,2020-08-17,713
K02000001,United Kingdom,overview,2020-08-16,1040
K02000001,United Kingdom,overview,2020-08-15,1077
K02000001,United Kingdom,overview,2020-08-14,1441
K02000001,United Kingdom,overview,2020-08-13,1129
K02000001,United Kingdom,overview,2020-08-12,1009
K02000001,United Kingdom,overview,2020-08-11,1148
K02000001,United Kingdom,overview,2020-08-10,740
K02000001,United Kingdom,overview,2020-08-09,1062
K02000001,United Kingdom,overview,2020-08-08,758
K02000001,United Kingdom,overview,2020-08-07,871
K02000001,United Kingdom,overview,2020-08-06,950
K02000001,United Kingdom,overview,2020-08-05,892
K02000001,United Kingdom,overview,2020-08-04,670
K02000001,United Kingdom,overview,2020-08-03,898
K02000001,United Kingdom,overview,2020-08-02,744
K02000001,United Kingdom,overview,2020-08-01,761
K02000001,United Kingdom,overview,2020-07-31,880
K02000001,United Kingdom,overview,2020-07-30,846
K02000001,United Kingdom,overview,2020-07-29,763
K02000001,United Kingdom,overview,2020-07-28,581
K02000001,United Kingdom,overview,2020-07-27,685
K02000001,United Kingdom,overview,2020-07-26,745
K02000001,United Kingdom,overview,2020-07-25,767
K02000001,United Kingdom,overview,2020-07-24,768
K02000001,United Kingdom,overview,2020-07-23,769
K02000001,United Kingdom,overview,2020-07-22,560
K02000001,United Kingdom,overview,2020-07-21,445
K02000001,United Kingdom,overview,2020-07-20,557
K02000001,United Kingdom,overview,2020-07-19,726
K02000001,United Kingdom,overview,2020-07-18,827
K02000001,United Kingdom,overview,2020-07-17,687
K02000001,United Kingdom,overview,2020-07-16,642
K02000001,United Kingdom,overview,2020-07-15,538
K02000001,United Kingdom,overview,2020-07-14,398
K02000001,United Kingdom,overview,2020-07-13,530
K02000001,United Kingdom,overview,2020-07-12,650
K02000001,United Kingdom,overview,2020-07-11,820
K02000001,United Kingdom,overview,2020-07-10,512
K02000001,United Kingdom,overview,2020-07-09,642
K02000001,United Kingdom,overview,2020-07-08,630
K02000001,United Kingdom,overview,2020-07-07,581
K02000001,United Kingdom,overview,2020-07-06,343
K02000001,United Kingdom,overview,2020-07-05,516
K02000001,United Kingdom,overview,2020-07-04,624
K02000001,United Kingdom,overview,2020-07-03,544
K02000001,United Kingdom,overview,2020-07-02,576
K02000001,United Kingdom,overview,2020-07-01,829
K02000001,United Kingdom,overview,2020-06-30,689
K02000001,United Kingdom,overview,2020-06-29,815
K02000001,United Kingdom,overview,2020-06-28,901
K02000001,United Kingdom,overview,2020-06-27,890
K02000001,United Kingdom,overview,2020-06-26,1006
K02000001,United Kingdom,overview,2020-06-25,1118
K02000001,United Kingdom,overview,2020-06-24,653
K02000001,United Kingdom,overview,2020-06-23,874
K02000001,United Kingdom,overview,2020-06-22,958
K02000001,United Kingdom,overview,2020-06-21,1221
K02000001,United Kingdom,overview,2020-06-20,1295
K02000001,United Kingdom,overview,2020-06-19,1346
K02000001,United Kingdom,overview,2020-06-18,1218
K02000001,United Kingdom,overview,2020-06-17,1115
K02000001,United Kingdom,overview,2020-06-16,1279
K02000001,United Kingdom,overview,2020-06-15,1056
K02000001,United Kingdom,overview,2020-06-14,1514
K02000001,United Kingdom,overview,2020-06-13,1425
K02000001,United Kingdom,overview,2020-06-12,1541
K02000001,United Kingdom,overview,2020-06-11,1266
K02000001,United Kingdom,overview,2020-06-10,1003
K02000001,United Kingdom,overview,2020-06-09,1387
K02000001,United Kingdom,overview,2020-06-08,1205
K02000001,United Kingdom,overview,2020-06-07,1326
K02000001,United Kingdom,overview,2020-06-06,1557
K02000001,United Kingdom,overview,2020-06-05,1650
K02000001,United Kingdom,overview,2020-06-04,1805
K02000001,United Kingdom,overview,2020-06-03,1871
K02000001,United Kingdom,overview,2020-06-02,1613
K02000001,United Kingdom,overview,2020-06-01,1570
K02000001,United Kingdom,overview,2020-05-31,1936
K02000001,United Kingdom,overview,2020-05-30,2445
K02000001,United Kingdom,overview,2020-05-29,2095
K02000001,United Kingdom,overview,2020-05-28,1887
K02000001,United Kingdom,overview,2020-05-27,2013
K02000001,United Kingdom,overview,2020-05-26,2004
K02000001,United Kingdom,overview,2020-05-25,1625
K02000001,United Kingdom,overview,2020-05-24,2409
K02000001,United Kingdom,overview,2020-05-23,2959
K02000001,United Kingdom,overview,2020-05-22,3287
K02000001,United Kingdom,overview,2020-05-21,2615
K02000001,United Kingdom,overview,2020-05-20,2472
K02000001,United Kingdom,overview,2020-05-19,2412
K02000001,United Kingdom,overview,2020-05-18,2684
K02000001,United Kingdom,overview,2020-05-17,3562
K02000001,United Kingdom,overview,2020-05-16,3451
K02000001,United Kingdom,overview,2020-05-15,3560
K02000001,United Kingdom,overview,2020-05-14,3446
K02000001,United Kingdom,overview,2020-05-13,3242
K02000001,United Kingdom,overview,2020-05-12,3403
K02000001,United Kingdom,overview,2020-05-11,3877
K02000001,United Kingdom,overview,2020-05-10,3923
K02000001,United Kingdom,overview,2020-05-09,3896
K02000001,United Kingdom,overview,2020-05-08,4649
K02000001,United Kingdom,overview,2020-05-07,5614
K02000001,United Kingdom,overview,2020-05-06,6111
K02000001,United Kingdom,overview,2020-05-05,4406
K02000001,United Kingdom,overview,2020-05-04,3985
K02000001,United Kingdom,overview,2020-05-03,4339
K02000001,United Kingdom,overview,2020-05-02,4806
K02000001,United Kingdom,overview,2020-05-01,6201
K02000001,United Kingdom,overview,2020-04-30,6032
K02000001,United Kingdom,overview,2020-04-29,4076
K02000001,United Kingdom,overview,2020-04-28,3996
K02000001,United Kingdom,overview,2020-04-27,4310
K02000001,United Kingdom,overview,2020-04-26,4463
K02000001,United Kingdom,overview,2020-04-25,4913
K02000001,United Kingdom,overview,2020-04-24,5386
K02000001,United Kingdom,overview,2020-04-23,4583
K02000001,United Kingdom,overview,2020-04-22,4451
K02000001,United Kingdom,overview,2020-04-21,4301
K02000001,United Kingdom,overview,2020-04-20,4676
K02000001,United Kingdom,overview,2020-04-19,5850
K02000001,United Kingdom,overview,2020-04-18,5526
K02000001,United Kingdom,overview,2020-04-17,5599
K02000001,United Kingdom,overview,2020-04-16,4618
K02000001,United Kingdom,overview,2020-04-15,4605
K02000001,United Kingdom,overview,2020-04-14,5252
K02000001,United Kingdom,overview,2020-04-13,4342
K02000001,United Kingdom,overview,2020-04-12,5288
K02000001,United Kingdom,overview,2020-04-11,5234
K02000001,United Kingdom,overview,2020-04-10,5706
K02000001,United Kingdom,overview,2020-04-09,4675
K02000001,United Kingdom,overview,2020-04-08,5865
K02000001,United Kingdom,overview,2020-04-07,3888
K02000001,United Kingdom,overview,2020-04-06,4143
K02000001,United Kingdom,overview,2020-04-05,6199
K02000001,United Kingdom,overview,2020-04-04,4000
K02000001,United Kingdom,overview,2020-04-03,4672
K02000001,United Kingdom,overview,2020-04-02,4522
K02000001,United Kingdom,overview,2020-04-01,4567
K02000001,United Kingdom,overview,2020-03-31,3250
K02000001,United Kingdom,overview,2020-03-30,2665
K02000001,United Kingdom,overview,2020-03-29,2502
K02000001,United Kingdom,overview,2020-03-28,2556
K02000001,United Kingdom,overview,2020-03-27,2890
K02000001,United Kingdom,overview,2020-03-26,2129
K02000001,United Kingdom,overview,2020-03-25,1452
K02000001,United Kingdom,overview,2020-03-24,1427
K02000001,United Kingdom,overview,2020-03-23,967
K02000001,United Kingdom,overview,2020-03-22,665
K02000001,United Kingdom,overview,2020-03-21,1035
K02000001,United Kingdom,overview,2020-03-20,714
K02000001,United Kingdom,overview,2020-03-19,643
K02000001,United Kingdom,overview,2020-03-18,676
K02000001,United Kingdom,overview,2020-03-17,407
K02000001,United Kingdom,overview,2020-03-16,152
K02000001,United Kingdom,overview,2020-03-15,330
K02000001,United Kingdom,overview,2020-03-14,264
K02000001,United Kingdom,overview,2020-03-13,207
K02000001,United Kingdom,overview,2020-03-12,134
K02000001,United Kingdom,overview,2020-03-11,83
K02000001,United Kingdom,overview,2020-03-10,52
K02000001,United Kingdom,overview,2020-03-09,50
K02000001,United Kingdom,overview,2020-03-08,65
K02000001,United Kingdom,overview,2020-03-07,46
K02000001,United Kingdom,overview,2020-03-06,46
K02000001,United Kingdom,overview,2020-03-05,29
K02000001,United Kingdom,overview,2020-03-04,34
K02000001,United Kingdom,overview,2020-03-03,11
K02000001,United Kingdom,overview,2020-03-02,5
K02000001,United Kingdom,overview,2020-03-01,12
K02000001,United Kingdom,overview,2020-02-29,4
K02000001,United Kingdom,overview,2020-02-28,6
K02000001,United Kingdom,overview,2020-02-27,0
K02000001,United Kingdom,overview,2020-02-26,0
K02000001,United Kingdom,overview,2020-02-25,0
K02000001,United Kingdom,overview,2020-02-24,4
K02000001,United Kingdom,overview,2020-02-23,0
K02000001,United Kingdom,overview,2020-02-22,0
K02000001,United Kingdom,overview,2020-02-21,0
K02000001,United Kingdom,overview,2020-02-20,0
K02000001,United Kingdom,overview,2020-02-19,0
K02000001,United Kingdom,overview,2020-02-18,0
K02000001,United Kingdom,overview,2020-02-17,0
K02000001,United Kingdom,overview,2020-02-16,0
K02000001,United Kingdom,overview,2020-02-15,0
K02000001,United Kingdom,overview,2020-02-14,0
K02000001,United Kingdom,overview,2020-02-13,1
K02000001,United Kingdom,overview,2020-02-12,0
K02000001,United Kingdom,overview,2020-02-11,0
K02000001,United Kingdom,overview,2020-02-10,4
K02000001,United Kingdom,overview,2020-02-09,1
K02000001,United Kingdom,overview,2020-02-08,0
K02000001,United Kingdom,overview,2020-02-07,0
K02000001,United Kingdom,overview,2020-02-06,1
K02000001,United Kingdom,overview,2020-02-05,0
K02000001,United Kingdom,overview,2020-02-04,0
K02000001,United Kingdom,overview,2020-02-03,0
K02000001,United Kingdom,overview,2020-02-02,0
K02000001,United Kingdom,overview,2020-02-01,0
K02000001,United Kingdom,overview,2020-01-31,2
